page_url,title,description,delivery_method,instruction_type,what_will_learn,prerequisites,target_students,instructor|1|name,instructor_bio,review|1|reviewer_name,review|1|photo,review|1|review,review|2|reviewer_name,review|2|photo,review|2|review,review|3|reviewer_name,review|3|photo,review|3|review,review|4|reviewer_name,review|4|photo,review|4|review,languages,total_duration,total_duration_unit,short_description,accessibilities,live_class,job_assistance,capstone_project,average_salary
https://mindmajix.com/oracle-project-accounting-training,Oracle Project Accounting Training,"<div class=""Curriculum_description__1LwKr""><p>Learn how to use Oracle Project Accounting. Mindmajix training provides all Oracle Project Accounting features including major concepts behind Oracle Project Security, Asset Capitalization, Managing Issues, Budgetary Controls, Processing Integration and Organization Authority..etc.</p></div>",Online,Instructor Paced,NaN,NaN,NaN,Jude,"Jude has got 5+ years of industrial experience working for global MNCs. He chose to deliver online training and contribute informative articles and blogs to various websites to share his technical expertise.",Joseph,https://cdn.mindmajix.com/mern/images/instructor-male.svg,"I had taken Oracle Project Accounting Training Program from mindmajix, thoroughly enjoyed the course! Pretty good course content and constant support from Mindmajix Team.",Abhijeet Tirmale ,https://cdn.mindmajix.com/mern/images/instructor-male.svg,"




Thank You for the sessions that helped me gaining knowledge in Oracle Project Accounting. Trainers experience helped me to get detailed information regarding the key concepts and challenging tasks in real time. Excellent and Greate learning experience with Mindmajix. 

",Muthialraj Naicker,https://cdn.mindmajix.com/mern/images/instructor-male.svg,"




I am so happy towards Learning Oracle Project Accounting training at MindMajix. It's very well organized and explained every question which I asked without any hesitation.  Thanks to the Mindmajix for their quality training to master in Oracle Project Accounting. Go with Mindmajix for better training.

",Mukaila Raheem,https://cdn.mindmajix.com/mern/images/instructor-male.svg,"




Nice online institute for learning Oracle Project Accounting Training. Provides quality training by real time examples. Keep up the good work Mindmajix. Thanks Mindmajix and team! Pleasure being an associate.

",English,30,Hours,Leverage the growing demand for Certified Oracle Project Accounting Professionals,"Mobile,Desktop",TRUE,TRUE,TRUE,"₹4,113,891"
https://mindmajix.com/peoplesoft-fscm-training,Peoplesoft FSCM Training,"<div class=""Curriculum_description__1LwKr""><p>Learn how to impact pricing, payment terms, working capital and inventory using PeopleSoft FSCM. PeopleSoft Financials and Supply Chain Management (FSCM) had got its name by merging Financial Management Solutions (FMS) and Supply Chain Management (SCM) as a part of the same package.</p></div>",Online,Instructor Paced,NaN,NaN,NaN,NaN,NaN,Preetam Shinde,https://cdn.mindmajix.com/mern/images/instructor-male.svg,"I was little aware of Peoplesoft FSCM prior, but here I've learnt much more about Peoplesoft FSCM as they demonstrated with good set of examples. I got everything that is required to become an expert in Peoplesoft FSCM. I would highly recommend Mindmajix for online IT training.
",vedhanathan M,https://cdn.mindmajix.com/mern/images/instructor-male.svg,"This was my first Online training. I am very satisfied with the PeopleSoft FSCM training methodologies, and gained valuable knowledge on the entire course. Thank You Mindmajix.
",Supriya,https://cdn.mindmajix.com/mern/images/instructor-male.svg,Perfect place to learn Peoplesoft FSCM Online Training which is very helpful to my career. The course content is good and informative. I suggest Mindmajix would be the best institute to take Peoplesoft FSCM Course.,NaN,NaN,NaN,English,30,Hours,Leverage the growing demand for Certified Peoplesoft FSCM Professionals,"Mobile,Desktop",TRUE,TRUE,TRUE,"₹5,935,280"
https://mindmajix.com/microsoft-dynamics-365-training,Microsoft Dynamics 365 Training,"<div class=""Curriculum_description__1LwKr""><p>Boost your career as a certified Microsoft Dynamics 365 professional by enrolling into Mindmajix training. The course drives you through the fundamentals of Microsoft Dynamics 365 (CRM) from basics to advanced concepts, and also builds skills to configure and customize reports, dashboards, templates, etc. It also offers two real-time projects which are in line with the Microsoft Dynamics 365 certification exam.</p></div>",Online,Instructor Paced,NaN,"What are the prerequisites for the Microsoft Dynamics 365 course?As such, there are no prerequisites for learning Microsoft Dynamics 365. Anyone who is interested in learning this course can join this training. This course can be pursued regardless of learners’ skills.  

Having knowledge of CRM concepts will be beneficial but not mandatory.

","|Software professionals|Implementation consultants|System administrators|Project managers|Technical support technicians|Microsoft Dynamics CRM, NAV, & AX Consultants who want to extend their skill-set with the latest developments in Dynamics 365.|",NaN,NaN,Kumar Meka,https://cdn.mindmajix.com/mern/images/instructor-male.svg,"I took Microsoft Dynamics 365 training. Extremely satisfied with the training. Your commitment was very much appreciable. The way of communication was also excellent so that we did not face any major problems in any of the Sessions. Thanks, Mindmajix!
",Angela,https://cdn.mindmajix.com/mern/images/instructor-male.svg,"Hi Mindmajix team, this is Angela. I am fully satisfied with your Microsoft Dynamics 365 Training. Thank you for your guidance. Thanks a lot for making it so comprehensive with attention to detail.",Ryan,https://cdn.mindmajix.com/mern/images/instructor-male.svg,Perfect sessions to know all the key concepts of Microsoft Dynamics 365. All credits to the trainers who took special care in presenting entire optimization process practically. Thanks to the support team as well.,NaN,NaN,NaN,English,30,Hours,Leverage the growing demand for Certified Microsoft Dynamics 365 Professionals,"Mobile,Desktop",TRUE,TRUE,TRUE,"₹8,161,010"
https://mindmajix.com/microsoft-dynamics-ax-training,Microsoft Dynamics AX Training and Certification Course Online,"<div class=""Curriculum_description__1LwKr""><p>Mindmajix Microsoft Dynamics AX training will help you develop the skills and knowledge required for a career as a Microsoft Dynamics AX developer. It provides in-detailed knowledge of all the key fundamentals of Microsoft Dynamics AX such as architecture, visual studio, user interfaces, application explorer, workflow, and more through real-world examples and projects. Enroll now and get certified.</p></div>",Online,Instructor Paced,|Understand Workflow management with Microsoft Dynamics|Understand Microsoft Dynamics AX Architecture|Developing Environment and Tools|Creating tables using MS AX Dynamics Software|Understand Work and Design Report|,"What are the prerequisites for the MS Dynamics AX Technical course?There are no specific prerequisites for learning Microsoft Dynamics AX Technical. Anyone interested in learning this technology can join the training.
",|Business Professionals|Business Managers|Business Entrepreneurs|Management Executives|Business Development Executives|,NaN,NaN,Rajesh Chandrupatla,https://cdn.mindmajix.com/mern/images/instructor-male.svg,"Hi this is Rajesh completed Microsoft Dynamics Ax Training in Mindmajix. Started the course with the little knowledge and ended up with the expertise level. Thanks to Mindmajix and Trainer for exceptional service & Knowledge.
",Rajashekar Rao Santapuri ,https://cdn.mindmajix.com/reviewer/rajashekar-rao-santapuri-microsoft-dynamics-ax-review-29092021.jpg,I have gone through Microsoft Dynamics AX Certification Training with Mindmajix and it was an awesome experience. The Trainer having good knowledge and explained all concepts with real-time examples. It’s great learning. Thank you Mindmajix.,Billie Joe,https://cdn.mindmajix.com/mern/images/instructor-male.svg,The training in Microsoft Dynamics AX Training by Mindmajix checks all the right boxes. The course material was very detailed and oriented towards equipping me with practical skills rather than bookish knowledge. All thanks to Mindmajix!,NaN,NaN,NaN,English,30,Hours,Advance your Career In ERP Software with our Dynamics AX Course,"Mobile,Desktop",TRUE,TRUE,TRUE,"₹7,728,180"
https://mindmajix.com/netsuite-technical-training,NetSuite Technical Training,"<div class=""Curriculum_description__1LwKr""><p>NetSuite Technical Training - Get Connected with the best Freelance Trainer to learn NetSuite Technical concepts and to get guidance on clearing NetSuite Technical certification. You will also get an exposure to industry based Real-time projects in various verticals.</p></div>",Online,Instructor Paced,NaN,NaN,NaN,Satir,"With 5+ years of experience in training and nine years of working experience, Satir is a certified professional, has trained more than 300+ students and delivered seven corporate firms with live online sessions worldwide.
",Eshwar Remma,http://cdn.mindmajix.com/reviewer/eshwar-remma-netsuite-technical-review-18092021.jpg,"I had attended the NetSuite Technical Training at mindmajix, and the course curriculum was nice. Trainer covered all the topics with practical illustrations. We used to assign with assignments every day after finishing the class that made us practice them each day. Course material helped me a lot. Thanks for the best training.",Vidya Rani,https://media.licdn.com/dms/image/C4E03AQGsQMGFTBsTFQ/profile-displayphoto-shrink_200_200/0?e=1576108800&v=beta&t=dwgY2C-QiGATSTxTkjlWpCdX4ibWhlmXw2Y_LR8UimY,"I’m really impressed with the NetSuite Technical Course from mindmajix. The trainer is really humble and solved all doubts instantly. The practical approach in teaching methodology helped me to understand the entire course very quickly. He covered all topics with relevant illustrations. I will recommend Mindmajix who is looking for Netsuite Technical and Functional classes. My overall experience is good at this institute.
",Vijay,https://cdn.mindmajix.com/mern/images/instructor-male.svg,"I had enrolled with mindmajix for the NetSuite Technical Training. The course content and the explanations provided by the trainer were very good.  The trainer was well paced and very flexible. He was highly competent. Interactive classroom sessions and well-designed course structure were an added advantage. I appreciate the support that mindmajix team provided at training period.
",Anoj,https://cdn.mindmajix.com/reviewer/anoj-nisal-review-17102021.jpg,I learned NetSuite technical training on MindMajix. Trainer explained every concept in-depth and took best practice sessions.,English,14,Hours,Leverage the growing demand for Certified NetSuite Technical Professionals,"Mobile,Desktop",TRUE,TRUE,TRUE,"₹6,540,011"
https://mindmajix.com/netsuite-training,NetSuite Training Course Online,"<div class=""Curriculum_description__1LwKr""><p>Mindmajix’s NetSuite Training will help you get the most out of NetSuite, enabling you to solve business problems and improve operations. In this NetSuite Certification course, you’ll master core areas of NetSuite such as ERP/Financials, CRM, eCommerce, SuiteBuilder, and much more related to NetSuite. To push your career forward, our trainers equip you with valuable skills that are suitable for both beginners and experienced learners. By the time when you finish this NetSuite online course, as a trained NetSuite professional, you can start using/customizing this tool according to your or your organization needs.</p></div>",Online,Instructor Paced,NaN,"Why should you learn this NetSuite Course?NetSuite is one of the top business management solutions right now. Investing in developing your NetSuite skills is good for your career.

Gartner ranked Netsuite as a leader for Cloud Core Financial Management Systems. 
Cloud roles are among the top 10 most in-demand IT roles for 2021
NetSuite Developers make an average of $121,471 per annum - ZipRecruiter.

So upgrading skills in NetSuite will be a springboard for success. This NetSuite Course is a great way to gain expertise on the world’s leading business management suite that’s in high demand across businesses of all sizes.",NaN,Kranthi,"With 5+ years of experience in training and nine years of working experience, Kranthi is a certified professional, has trained more than 300+ students and delivered seven corporate firms with live online sessions worldwide.
",Garima Shrivastava,http://cdn.mindmajix.com/reviewer/garima-shrivastava-netsuite-review-18092021.jpg,"It was a great experience to undergo and get certified in the NetSuite Course from Mindmajix. As a working professional, it has not only given me an exposure to the domain, but also helped me learn cross technologies and develop an inclination towards it. Thanks Mindmajix and team! Pleasure being an associate.",Tijo Joy,http://cdn.mindmajix.com/reviewer/tijo-joy-netsuite-review-18092021.jpg,I enrolled with Mindmajix for NetSuite online training. The training was excellent and well-executed by the trainer. Materials and online training videos are great. You can upgrade your skills without attending face to face sessions. I have done my certification also after taking the training here. Thanks for everything.,Murali Achanta,http://cdn.mindmajix.com/reviewer/murali-achanta-netsuite-review-18092021.jpg,"It was a wonderful learning experience. Trainer's knowledge is impressive, and great teaching capability. The Netsuite course content is great. The session was interactive which was very good. I have gained in-depth knowledge on all the concepts of NetSuite. Thanks for everything Mindmajix.",Kalyan Namburi,http://cdn.mindmajix.com/reviewer/kalyan-namburi-netsuite-review-18092021.jpg,"I’m really impressed with the skills of my instructor, Omkar. He makes NetSuite training sessions interesting by keeping all things easy to understand.",English,15,Hours,Enroll now for NetSuite Training and Get Expertise in Cloud ERP,"Mobile,Desktop",TRUE,TRUE,TRUE,"₹6,157,853"
https://mindmajix.com/oracle-apps-technical-training,Oracle Applications Technical Training Course Online,"<div class=""Curriculum_description__1LwKr""><p>Mindmajix Oracle Apps Technical Training equips students with a fundamental knowledge of architecture, the file system, and the database used in Oracle Applications Release 11i. This online course also provides a comprehensive understanding of multi-tier architecture, flex fields, value sets, Oracle application interface, the relationship between Oracle database and Oracle applications, and much more. Upon completion, you’ll become an expert in applying this knowledge in real-time scenarios.</p></div>",Online,Instructor Paced,|Enterprise Resource Planning (ERP)|Comparing Oracle Apps with other ERPs|Understand AIM Document Standards|How to use TOAD |Oracle Application Technical Architecture|,"What are the prerequisites for the Oracle Apps Technical course?There are no prerequisites required to learn Oracle Apps Technical. Having basic database knowledge is beneficial.
",|Senior architects and developers|Senior IT professionals|Java  professionals|Freshers|,Ankit,"Having 5+ years of experience working closely with industry, Ankit is one of the best-certified trainers of MindMajix. He has bagged Oracle Apps Technical and can deliver the best technology to our trainees.",Ibrahim Sadu,https://cdn.mindmajix.com/mern/images/instructor-male.svg,"Learning about Oracle Apps Technical has improved my skills and i am now able to crack the certification. Trainer was superb, Thanks Mindmajix for the wonderful experience.",Augustina Savage,https://cdn.mindmajix.com/mern/images/instructor-male.svg,"




Dear Mindmajix, I appreciate your support. Thanks for helping me to get expertise through Oracle Applications Technical Training. I truly value your effort in resolving the query. This made me easy to understand and I thoroughly enjoyed training sessions. My best wishes to the entire Support team. 

",Pradeep Lashkare,https://cdn.mindmajix.com/mern/images/instructor-male.svg,"




Oracle Applications Technical Training at MindMajix was extensive. It was well planned and well executed. The trainer as well versed with the technology. Overall a good experience. Thanks, mindmajix for this wonderful training, and for providing highly interactive sessions and great examples.

",Jyoshna Reddy,https://cdn.mindmajix.com/mern/images/instructor-male.svg,"




I have learned Oracle Applications Technical through the Mindmajix Online Training Platform. Highly experienced and qualified Oracle Applications Technical trainers made the learning process completely effortless and enjoyable for me. Thank you for providing in-depth Oracle Applications Technical Online Training. I am glad to say that my learning experience with Mindmajix was more than top-class. It was exceptional. The Course structure is Satisfying. Thanks, Mindmajix. 

",English,45,Hours,Leverage the growing demand for Certified Oracle Applications Technical Professionals,"Mobile,Desktop",TRUE,TRUE,TRUE,"₹6,396,154"
https://mindmajix.com/oracle-ebs-training,Oracle EBS Training,"<div class=""Curriculum_description__1LwKr""><p>Master Oracle EBS with Mindmajix and level up your career as a certified Oracle EBS professional. This course will give you a solid foundation and expertise of all the fundamentals of Oracle E-Business Suite including the functionality, architecture, core components, process flow, configuration and more. Our training also includes the latest strategies, features, and capabilities of Oracle EBS. Enroll now and get certified.</p></div>",Online,Instructor Paced,|Oracle E-Business Suite overview|Installation of Oracle E-Business Suite|Major architectural components in E-Business Suite|Accessing and navigating within Oracle Applications with the user interface|Identifying key features of the Oracle E-Business Suite database|Clone Oracle E-Business Suite|Defining key and descriptive flexfields and shared entities|,"What are the prerequisites for the Oracle EBS course?Basic knowledge of Oracle Financials is required.
",|Functional implementers|Business analysts|Pre-sales consultants|Technical consultants|,NaN,NaN,Daniel,https://cdn.mindmajix.com/mern/images/instructor-male.svg,"Never thought learning Oracle EBS would be that easy through online but I had completed mine with the support of Mindmajix. And the staff had a good exposure of the real time work experience as he is one of the real time employee. So, I refer Mindmajix for Online training.",Ethan,https://cdn.mindmajix.com/mern/images/instructor-male.svg,"Mindmajix is awesome responsive online training portal, it is  well designed and flexible online Education Portal. I did Oracle EBS course from Mindmajix and I am extremely happy for overall experience with mindmajix. One of the best reasons to recommend mindmajix is they response to clarify each and every doubt...!",Pallavi,https://cdn.mindmajix.com/mern/images/instructor-male.svg,"Really a good place to learn Oracle EBS technology, Clear understanding of concepts and really clear explanation of everything about that technology special thanks to my trainer. Being a real time experience guy, he helped me a lot with real time concepts. Thanks Mindmajix..!",Altaf Ali,https://cdn.mindmajix.com/mern/images/instructor-male.svg,"




It was a great experience to undergo and get certified in Oracle EBS course from Mindmajix. The trainer had a great hold on the business suite domain, who came with a handy industry experience. Quality of the training materials, assignments, project, support and other infrastructures are a top notch. Thanks Mindmajix and team! Pleasure being an associate.

",English,30,Hours,Leverage the growing demand for Certified Oracle EBS Professionals,"Mobile,Desktop",TRUE,TRUE,TRUE,"₹7,262,854"
https://mindmajix.com/oracle-fusion-financials-training,Oracle Fusion Financials Training Course Online,"<div class=""Curriculum_description__1LwKr""><p>Become job-ready by mastering the advanced concepts of Oracle Fusion Financials. Our  Oracle Fusion Financials training course covers all the concepts from basics to advanced levels including ledger, account payables &amp; receivables, assets, identity manager, and more through real-time use cases. You will also get exposure to industry based real-time projects which are in line with the Oracle Fusion Financials certification exam.</p></div>",Online,Instructor Paced,|A better analytic approach to handle financial matters with Oracle Fusion Financials|Sound technical knowledge and better control over numerical entities|Improved skills of negotiation instilled due to distinct real-time training projects|Enhanced Investigative approach to gain detailed attention|,"What are the prerequisites for the Oracle Fusion Financials course?




You should know major programming languages such as Java before you take this training.

",|Financial Managers|Business Experts|Finance Management Freshers|Revenue Managers|,Prasanna,"Having 20+ years of experience working closely with industry, Prasanna is one of the best-certified trainers of MindMajix. He has bagged Oracle Fusion HCM, Workday Finance, Project Accounting, Oarcle EBS and can deliver the best technology to our trainees.
",Swapnil,https://cdn.mindmajix.com/reviewer/swapnil-c-oracle-fusion-financials-review-18092021.jpg,I've taken OracleFusion Financials Training in Mindmajix. It was one of the best training experiences I have ever had. Thank you Mindmajix for your coordination and prompt replies.,Raghu,https://cdn.mindmajix.com/reviewer/raghu-k-r-oracle-fusion-financials-review-18092021.jpg,It was a very good experience to learn the Oracle Fusion Financials course from mindmajix. Faculty members are very knowledgeable and cooperative. Altogether it was an enlightening and informative course.,Hara,https://cdn.mindmajix.com/reviewer/hara-gollamudi-oracle-fusion-financials-review-18092021.jpg,"I've taken Oracle Fusion Financials Online Training. Friendly training faculty good quality in videos and his teaching skills too appreciable, I observed one thing within trainer, his teaching speed depends on my understand point.",Naveed,https://cdn.mindmajix.com/reviewer/naveed-sagri-oracle-fusion-financials-review-18092021.jpg,I am very pleased with the Oracle Fusion Financials certification training provided by Mindmajix. The classes were informative. Having more than 6 years of experience the trainer explains each and every topic with real-time examples. The maintenance of class timings was perfect. The response to questions was excellent. Thank you.,English,30,Hours,Enhance Your Career with Oracle Fusion Financials Online Course,"Mobile,Desktop",TRUE,TRUE,TRUE,"₹10,386,740"
https://mindmajix.com/oracle-financials-training,Oracle Financials Training,"<div class=""Curriculum_description__1LwKr""><p>Mindmajix’s Oracle Financials training will help you build a strong foundation in Oracle E-Business suite Financial essentials. It provides in-detailed knowledge on how to use General Ledger, Accounts Payables &amp; Receivables, Fixed Assets, Cash Management, etc., through a hands-on approach, and this will enable you to become an Oracle Financials System Administrator. You will also get exposure to industry based real-time projects in various verticals.</p></div>",Online,Instructor Paced,|Better Analytic approach to financial matters |Enhanced negotiation skills to handle distinct type of projects|Sound technical knowledge and better control over numerical entities|,"What are the prerequisites for the Oracle Financials course?There are no prerequisites to learn Oracle Financials. Having knowledge of SQL/PL SQL programming knowledge is an added advantage.
",|Functional Implementers|Business Analysts|Sales consultants|Support Engineers|Technical consultants|,Jay,"Jay has got 10+ years of industrial experience working for global MNCs. He chose to deliver online training and contribute informative articles and blogs to various websites to share his technical expertise.",Simmi,https://cdn.mindmajix.com/mern/images/instructor-male.svg,"Nice online institute for learning Oracle Financials Training. Provides quality training by real time examples. Keep up the good work Mindmajix.
",Mukaila B Raheem,https://cdn.mindmajix.com/mern/images/instructor-male.svg,"I've attended the Oracle Financials Training in Mindmajix. Extremely satisfied with the training. Your commitment was very much appreciable. The way of communication was also excellent so that we did not face any major problems in any of the Sessions. Thanks, Mindmajix....!
",Krishnapriya,https://cdn.mindmajix.com/reviewer/krishnapriya-k-s-oracle-financials-review-28092021.jpg,"Well, I took the Oracle Financials online training course from Mindmajix and now I am an expert in Oracle Financials. Industry expert trainers, great format, clear explanations, extremely well presented and overall completely satisfied. Trust me guys, you will love this training. Highly recommended..!",Joseph Antony,https://cdn.mindmajix.com/reviewer/n-joseph-antony-oracle-financials-review-28092021.jpg,I have taken the Oracle Financials training and it was really good. The material was clear and even the tutor explained each and every concept with details. He had explained the business scenarios which gave more sense to understand what was taught and how it was used in the current IT world. Getting access to instance is another good thing so that I had got a chance to practice everything which was taught in class. I would suggest this if someone is looking for this course.,English,30,Hours,Leverage the growing demand for Certified Oracle Financials Professionals,"Mobile,Desktop",TRUE,TRUE,TRUE,"₹6,964,235"
https://mindmajix.com/oracle-fusion-hcm-training,Oracle Fusion HCM  Training,"<div class=""Curriculum_description__1LwKr""><p><span style=""font-weight: 400;"">MindMajix’s Oracle HCM cloud training empowers trainees with the expertise that gives you an edge over your peers. It includes Oracle HCM fundamentals like functional setup manager, geographies, Enterprise HCM, position synchronization, legal address, and grade rates. Our Oracle Fusion HCM training includes real-time projects and industry-based scenarios to deliver a practical understanding of work schedules, absence plans, rate elements, donation plans, accrual plans, shared parental plans, and absence types.  Along with these, you will also master how to transform HR administrative functions like payroll, compensation, and time &amp; labor.  Enroll in our Oracle HCM certification training to become a successful Oracle HCM Consultant. </span></p></div>",Online,Instructor Paced,|Setting up an organization with enterprise configurator|Managing workforce structure|Assigning individual tasks using functional manager|Workflow life cycle|,"What are the prerequisites for the Oracle Fusion HCM course?No prior knowledge of HR business processes or Oracle Applications HCM is required. Basic computer knowledge is enough for learning this course.
",|Configuration consultants|Implementation consultants|Technical consultants|HR professionals|Talent Acquisition managers|Functional implementers|Configuration implementers|,Rakesh,"Having 20+ years of experience working closely with industry, Rakesh is one of the best-certified trainers of MindMajix. He has bagged Oracle Fusion HCM, Workday Finance, Project Accounting, Oarcle EBS and can deliver the best technology to our trainees.
",Erin,https://cdn.mindmajix.com/mern/images/instructor-male.svg,Pretty good modulels and course design. When ever i had any doubt they clarified with nice examples. Thank you. ,Javier,https://cdn.mindmajix.com/mern/images/instructor-male.svg,I have gone through the Oracle Fusion HCM training with mindmajix and it was awesome experience. The Trainer having good knowledge and explained all concepts with real-time examples. It’s a great learning ….Thank you mindmajix.com.,Zeelani Shaik,https://cdn.mindmajix.com/mern/images/instructor-male.svg,"




I would like to inform that my Oracle Fusion HCM Course has been successfully completed with the Support of Mindmajix and I am very much satisfied with his teaching quality.

",Vishal Patel,https://cdn.mindmajix.com/reviewer/vishal-patel-oracle-fusion-hcm-review-18092021.jpg," 
Hi, I’m Vishal Patel, I completed Oracle Fusion HCM training from Mindmajix. Every concept was explained in a detailed manner. The trainer is outstanding and is a professional working on the same. He is very supportive, and all my doubts are making me complete the course and obtain certification.",English,30,Hours,Leverage the growing demand for Certified Oracle Fusion HCM Professionals,"Mobile,Desktop",TRUE,TRUE,TRUE,"₹7,685,149"
https://mindmajix.com/oracle-fusion-scm-training,Oracle Fusion SCM Training,"<div class=""Curriculum_description__1LwKr""><p>Mindmajix Oracle Fusion SCM training offers hands-on skills to develop and manage applications using Oracle Supply Chain Management Cloud. You’ll master all the fundamentals of Oracle Fusion SCM such as Fusion Inventory, Configuration management, Product management, and more through real-time examples and projects. Upon completion of this Oracle Fusion SCM online training, the knowledge you equipped will help you to CLEAR the Oracle Fusion SCM certification exam.</p></div>",Online,Instructor Paced,|Understand the essentials of Oracle E-Business Suite|Understand the process of Inventory Management|Learn about Order Management Cloud|Learn about the Oracle SCM Inventory Management Fundamentals|Understand the SCM Purchasing Fundamentals|,"What are the prerequisites for the Oracle SCM Cloud training course?The following are the prerequisites for learning this course:
Functional knowledge of,

Inventory Management,
Logistics, and 
Fusion Purchasing is an added advantage.

",|Inventory Managers|Supply Chain Executives|Project Managers|Entry Level Executives|,Sudeep,"Sudeep has got 8+ years of industrial experience working for global MNCs. He chose to deliver online training and contribute informative articles and blogs to various websites to share his technical expertise.
",Amit,https://cdn.mindmajix.com/mern/images/instructor-male.svg,"I've attended Oracle Fusion SCM training in Mindmajix. While I kept asking questions on Oracle Fusion SCM technology you helped me with quick explanation.Thanks to Oracle Fusion SCM professional trainer.
",Venkatesan,https://cdn.mindmajix.com/mern/images/instructor-male.svg,"I recently took Oracle Fusion SCM training from Mindmajix. Best training source to gain good knowledge in Oracle Fusion SCM technology.
",Prabhakar,https://cdn.mindmajix.com/mern/images/instructor-male.svg,"I recommend Mindmajix to anyone who wants to be a master in Oracle Fusion SCM. Explanations are easy to understand and every question receives the right answer during the training. Thanks to Mindmajix for all the help and support.
",Prashant kumar,https://cdn.mindmajix.com/mern/images/instructor-male.svg,I am very satisfied with the Oracle Fusion SCM training provided by Mindmajix. I’m very pleased with the class lectures and Mindmajix team. The support team of Mindmajix tried their level best in delivering good quality recorded videos for all the classes. I wish to do a few more courses with Mindmajix.,English,40,Hours,Leverage the growing demand for Certified Oracle Fusion SCM Professionals,"Mobile,Desktop",TRUE,TRUE,TRUE,"₹7,594,488"
https://mindmajix.com/oracle-hrms-training,Oracle HRMS Training,"<div class=""Curriculum_description__1LwKr""><p>Mindmajix Oracle HRMS training is curated by industry-experts as per the latest enhancements of Oracle E-Business Suite HRMS. The course dives you through the key fundamentals and features of HRMS, and also provides deep visibility into human resource activities such as recruiting, payroll, time management, performance management, and more through hands-on training and case studies. Enroll now and get certified.</p></div>",Online,Instructor Paced,"|Oracle R12 Core HR|Oracle R12 Absence Management, Payroll, and SSHR|Business Group Setup (MOAC)|Settings Value for KFF and DFF|Defining Core HR Setups and EIT's and SIT's|Defining PTO Accrual Plans and Payroll Setups|","What are the prerequisites for the Oracle HRMS course?The following are the prerequisites for learning this course:
Basic Knowledge of,

ERP
SQL
PL/SQL
Reports 

",|Oracle Database Admins|Oracle Advanced Developers|Functional Implementers|Data Modelers|System Analysts|Business Analysts|,NaN,NaN,Jessica,https://cdn.mindmajix.com/mern/images/instructor-male.svg,I have received training in Oracle HRMS from Mindmajix and everything worked out well for me. Great trainer and training material and a really good project. I have got valuable knowledge here in Oracle HRMS and gave me a lot of confidence.,Kapil Kulkarni,https://cdn.mindmajix.com/mern/images/instructor-male.svg,"I took Oracle HRMS course from MindMajix, the Trainer is very experienced and is very friendly with us. He Clears all our Doubts with detail explanations, I suggest Other to choose MindMajix online trainings.",Shashank,https://cdn.mindmajix.com/mern/images/instructor-male.svg,"Mindmajix Oracle HRMS Training covered each topic with interesting lectures. The presentation of materials was good, making it easy to understand even for the beginners. Thank you!",Elsa,https://cdn.mindmajix.com/mern/images/instructor-male.svg,"




 
I am very pleased with the Oracle HRMS training provided by Mindmajix. Found my course was set out very well and got support from trainer's when I needed it their feedback was very helpful. The course contents were very informative and structured well to the qualification I archived. I really enjoyed the course itself.

",English,20,Hours,Leverage the growing demand for Certified Oracle HRMS Professionals,"Mobile,Desktop",TRUE,TRUE,TRUE,"₹16,025,256"
https://mindmajix.com/peoplesoft-hrms-training,PeopleSoft HRMS Training,"<div class=""Curriculum_description__1LwKr""><p>PeopleSoft HRMS training by Mindmajix provides a solid foundation in designing and implementing PeopleSoft Human Resources solutions for organizations. Through hands-on projects and practical examples, you will learn how to set up core foundational tables, manage data permission security, and administer employee data in the system. This will aid you to become a certified PeopleSoft HRMS specialist.</p></div>",Online,Instructor Paced,|Importance of PeopleSoft HRMS in Enterprises|Real-time roles with elaborative responsibilities|ERP key trends|Unique PeopleSoft HRMS features|Differences between PeopleSoft HRMS and other ERP in HR space|,"What are the prerequisites for the PeopleSoft HRMS course?There are no specific prerequisites required to learn PeopleSoft HRMS course. Anyone interested in learning PeopleSoft HRMS course can take this training. Knowing the fundamentals of Tables is advantageous.
",|HR Professionals|Reporting Analysts|MBA freshers|Developers|System analysts|,NaN,NaN,Jacob Roy,https://cdn.mindmajix.com/mern/images/instructor-male.svg,"I mastered PeopleSoft HRMS online training from Mindmajix. The trainer was exceptional in dealing with the course. He made each and every topic extremely easy to understand starting from basics to the most advanced concepts. All I can say is I am more than satisfied and I strongly recommend this training to everyone.
",Prudhvi raj,https://cdn.mindmajix.com/mern/images/instructor-male.svg,"PeopleSoft HRMS Training was conducted well, the instructor explained the concepts from scratch, made us think beyond our imagination and this has made me more confident. Thanks Mindmajix for the support.",Rachana,https://cdn.mindmajix.com/mern/images/instructor-male.svg,I enrolled with Mindmajix for PeopleSoft HRMS Course. Training was excellent and well executed by the trainer. Thank you Mindmajix for the support!!,Sakshi Shetty,https://cdn.mindmajix.com/mern/images/instructor-male.svg,"Hi this is Sakshi, completed PeopleSoft HRMS Training at Mindmajix. Started the course with the little knowledge and ended up with the expertise level. Instructor taught all the concepts thoroughly and he is very knowledgeable, clarified and answered all the questions.",English,30,Hours,Leverage the growing demand for Certified PeopleSoft HRMS Professionals,"Mobile,Desktop",TRUE,TRUE,TRUE,"₹6,825,572"
https://mindmajix.com/workday-hcm-techno-functional-training,Workday HCM Techno Functional Training,"<div class=""Curriculum_description__1LwKr""><p>Workday HCM Techno Functional Training - Get Connected with the best Freelance Trainer to learn Workday HCM Techno Functional concepts and to get guidance on clearing Workday HCM Techno Functional certification. You will also get an exposure to industry based Real-time projects in various verticals.</p></div>",Online,Instructor Paced,NaN,NaN,NaN,Bala,"Having 10+ years of experience working closely with industry, Bala is one of the best-certified trainers of MindMajix. He has bagged Workday Finance, Workday Integration, Workday Studio and can deliver the best technology to our trainees.",Venkata Ghantasala,https://cdn.mindmajix.com/mern/images/instructor-male.svg,"Workday HCM Techo Functional training is really awesome, I don’t know anything about it before joining the course in Mindmajix. But now I have got the confidence that I can crack the certification exam, thanks Mindmajix.
",Keerthi Seelam,https://cdn.mindmajix.com/mern/images/instructor-male.svg,"Perfect place to learn Workday HCM Techno-Functional course, the trainer has complete knowledge of course. The way of explanation is to understand beginners also. I recommend this.
",NaN,NaN,NaN,NaN,NaN,NaN,English,40,Hours,Leverage the growing demand for Certified Workday HCM Techno Functional Professionals,"Mobile,Desktop",TRUE,TRUE,TRUE,"₹7,314,787"
https://mindmajix.com/workday-training,Workday Training Course Online,"<div class=""Curriculum_description__1LwKr""><p>Mindmajix's Workday training provides learners with the hands-on expertise they need to land a job in the growing HCM and Enterprise Resource planning industry. In this workday course, students will learn the most in-demand skills in the Functional and Technical aspects of Workday. You can apply for the workday certification exam after the completion of the 40 Hrs of Workday online training which covers all the certification concepts required.</p></div>",Online,Instructor Paced,NaN,"What are the prerequisites for this Workday Certification Training?Professionals wishing to succeed with this Workday Certification Training should have:

Basic knowledge of Workday HCM
Basic knowledge of any ERP solution
",NaN,NaN,NaN,Kiran Bajaj,http://cdn.mindmajix.com/reviewer/kiran-bajaj-workday-review-18092021.jpg,"It was an amazing experience and learning from Mindmajix. The Whole thanks to Instructor, he was excellent. He explains everything included in Workday Training, thanks to coordinators who supported me at any time.",Krutika Adhikari,http://cdn.mindmajix.com/reviewer/krutika-adhikari-workday-review-18092021.jpg,"I would like to take up more trainings with Mindmajix. The trainer is awesome. He is the Best trainer I have ever had till date in my Professional Career. The trainer knows the subject so well, & He can make anyone Understand A to Z about Workday course!!! Superb - training!!! Thank you Mindmajix.",Aneelkumar Madala,https://cdn.mindmajix.com/reviewer/aneelkumar-madala-review-17102021.jpg,"I’m a newbie to the Workday platform, but the trainer's way of explanation was excellent so I didn't face any problem in learning Workday in a short time. My sincere thanks to Mindmajix for giving us the opportunity to enhance our careers. ",Charan,https://cdn.mindmajix.com/mern/images/instructor-male.svg,"Feeling good and confident, after completing Workday certification training in MindMajix. the trainer is excellent, explains every topic in-depth, in every concept.",English,40,Hours,Leverage the growing demand for Certified Workday Professionals,"Mobile,Desktop",TRUE,TRUE,TRUE,"₹7,122,039"
https://mindmajix.com/oracle-fusion-cloud-technical-training,Oracle Fusion Cloud Technical Training,"<div class=""Curriculum_description__1LwKr""><p>Mindmajix Oracle Fusion Cloud Technical Training makes you an expert in Oracle Fusion Cloud like create username/password, Account Receivables (AR), Rapid Implementation, Data Loading ADF Integrator, Account Receivables (AR)... etc.</p></div>",Online,Instructor Paced,NaN,NaN,NaN,Akash,"Passion towards teaching made Akash share the industrial experience he has got for further generations. He has got a total of three years into the real-time industrial background and has trained over 150+ students.
",Barry,https://cdn.mindmajix.com/mern/images/instructor-male.svg,"I would like to recommend Mindmajix to anyone who wants to be a master in any IT technology. Explanations are clean, clear, easy to understand and every question receives the right answer during the training. Thanks to Mindmajix for all the help and support.",Chas,https://cdn.mindmajix.com/mern/images/instructor-male.svg,I  Had an excellent Oracle Fusion Cloud Technical  training experience with mindmajix. Doubts clarification was the best part in my training period.,Rose,https://cdn.mindmajix.com/mern/images/instructor-male.svg,"Course trainer was extremely proficient and clear clarification he dealt  with the class exceptionally well as far as making it intuitive, keeping it intriguing, and reacting to all inquiries i had inquired. ",Preetam Shinde,https://cdn.mindmajix.com/mern/images/instructor-male.svg,"




I took Oracle Fusion Cloud Technical Training at Mindmajix which was my best Online Session that was available at a very reasonable price. service wise and knowledge wise i am very happy, Now i am working in top MNC Company.Thank you Mindmajix for your coordination and prompt replies.

",English,30,Hours,Leverage the growing demand for Certified Oracle Fusion Cloud Technical Professionals,"Mobile,Desktop",TRUE,TRUE,TRUE,"₹7,578,091"
https://mindmajix.com/workday-financials-training,Workday Financial Training,"<div class=""Curriculum_description__1LwKr""><p>Mindmajix Workday Financials Training develops the skills and knowledge required for a successful career in this field. You’ll master all the core concepts of Workday Financials, including financial accounting setup, account posting rules, accounting journals, business process framework, workday reporting, and more through hands-on practices, with insights from highly experienced trainers. This online training course is specially designed to help you in clearing the Workday Financials Certification exam in your first attempt itself and fast track your career effortlessly.</p></div>",Online,Instructor Paced,NaN,"Who should take this Workday Financials Training Course?




Workday Financials is a solid career choice for both freshers and experienced professionals. Aspiring professionals of any educational background can take this Workday Financials training Course, including:

Data Scientists
Testing Professionals
Business Analysts
Business Intelligence Professionals
Non-IT professionals


",NaN,Prasad,"Prasad has 10+ years of industrial experience working for global MNCs. He chose to deliver online training and contribute informative articles and blogs to various websites to share his technical expertise.",NaN,NaN,NaN,NaN,NaN,NaN,NaN,NaN,NaN,NaN,NaN,NaN,English,30,Hours,Leverage the growing demand for Certified Workday Financial Professionals,"Mobile,Desktop",TRUE,TRUE,TRUE,"₹9,524,195"
https://mindmajix.com/workday-training-hyderabad,Workday Training in Hyderabad,"<div class=""Curriculum_description__1LwKr""><p><span style=""font-weight: 400;"">Mindmajix’s Workday training in Hyderabad is designed by our Workday experts to help you gain expertise in highly demanding cloud-based Financial Management and Human Capital Management software. It teaches you the Workday concepts like EIB design pattern, launching the integration system, custom transformation, external file delivery, integration error handling, and customizing template model. During this Workday training in Hyderabad, trainees will work on industry use cases and live projects to get a practical understanding of calculated fields, expression evaluation, Lookup hierarchy, Inbound core connector, Workday studio components, and building integrations. Join our Workday online training in Hyderabad to be the best and certified Workday consultant.</span></p>
<p dir=""ltr""> </p></div>",Online,Instructor Paced,NaN,"What are the prerequisites to learn Workday?




Anyone can learn Workday. There is no specific prerequisite to master it. However, knowing financial and Human Resource functions is beneficial.

",|Workday Consultants curious about integrations|Business analysts|Project managers|HCM Practitioners|System administrators|IT professionals|ERP Consultants who want to explore Workday|,NaN,NaN,NaN,NaN,NaN,NaN,NaN,NaN,NaN,NaN,NaN,NaN,NaN,NaN,English,40,Hours,"Learn Workday - Become Master in Managing Financial, and Human Applications","Mobile,Desktop",TRUE,TRUE,TRUE,"₹8,052,988"
https://mindmajix.com/workday-integration-online-training,Workday Integration Training,"<div class=""Curriculum_description__1LwKr""><p><span id=""docs-internal-guid-5e5d0441-7fff-096c-c62b-b2d102f8b7fd"">This Workday Integration Training builds a strong foundation on all the concepts of Workday from scratch through practical examples. You’ll master Workday terminologies, business processes, security, report writer, calculated fields, core connectors, and much more which are associated with Workday integrations. Our expert instructors will also introduce you to Workday tools and technologies needed to build and maintain the Workday integration systems. The course is designed to provide you with the skills needed to pass the Workday Integration Certification exam.</span></p></div>",Online,Instructor Paced,NaN,"Why should you pursue this Workday Integration Course?Workday Integration is an integration-Platform-as-a-Service (iPaaS) that allows deploying and managing integrations to and from Workday. Professionals with the ability to implement Workday Integration can look forward to a rewarding career in the IT space.
 
Also, if you’re looking for a big leap in your career, then start your career with Workday Integration, one of the most demanded domains in today’s market. Professionals in this field can make up to $152,125 per annum - ZipRecruiter. The Workday market is booming worldwide with massive opportunities. In this course, you will get a clear understanding of Workday Integration with the best practices. Get enrolled in Mindmajix training and soar in your career.
",NaN,NaN,NaN,NaN,NaN,NaN,NaN,NaN,NaN,NaN,NaN,NaN,NaN,NaN,NaN,English,40,Hours,Leverage the growing demand for Certified Workday Integration Professionals,"Mobile,Desktop",TRUE,TRUE,TRUE,"₹8,680,347"
https://mindmajix.com/workday-payroll-online-training,Workday Payroll Training,"<div class=""Curriculum_description__1LwKr""><p>Enroll into expert-level online Workday Payroll Training from MindMajix. Through 40 Hrs of live sessions, the trainee will master advanced concepts of Workday Payroll, including setting up payroll accounting, taxes, security configuration, business processes, and more. We provide the best learning experience to the aspirants through industry practitioners. By the time you’re done with this certification training, you’ll have the required skill set to tackle payroll challenges in the real world.</p></div>",Online,Instructor Paced,NaN,"Why should you learn Workday Payroll?




Workday Payroll is a part of Workday Human Capital Management (Suite), which is a fully integrated payroll solution that streamlines the entire payroll process from initial hiring to complete payroll processing and tax compliance. The world’s leading companies like Netflix, Adobe, etc., also rely on Workday for their HR and Finance functionalities. Professionals in this field are earning attractive salaries and are in great demand worldwide. In the US, the average salary for a Workday Payroll Consultant ranges between  $101k to $188k, according to Indeed.  If you’re an aspiring professional looking to break into a career in this field, the future is filled with opportunities. This course will help you by providing in-demand skills of  Workday Payroll from basic to advanced with industry experts to advance your career as a Workday Consultant.

",NaN,NaN,NaN,NaN,NaN,NaN,NaN,NaN,NaN,NaN,NaN,NaN,NaN,NaN,NaN,English,30,Hours,Leverage the growing demand for Certified Workday Payroll Professionals,"Mobile,Desktop",TRUE,TRUE,TRUE,"₹6,456,843"
https://mindmajix.com/workday-studio-online-training,Workday Studio Training,"<div class=""Curriculum_description__1LwKr""><p> </p>
<p>This Workday Studio Training covers every aspect of the Workday Studio development environment from the scratch. Participants will gain in-depth knowledge of workday architecture, studio assemblies, XSLT, integration, reporting and much more with the best practices. Along with developing core competencies in Workday Studio, our experts also provide guidance on how to pass the Studio certification exam with ease. To know more about Workday Studio advanced techniques, enrol for the course.</p></div>",Online,Instructor Paced,NaN,"Why should you pursue this Workday Studio Course?




Workday’s most powerful integration platform is Workday Studio, a unified Eclipse-based environment for building sophisticated data integrations and transformations. It’s one of the most in-demand professions today having numerous openings. In the US, the job postings that require Workday Studio skills offer impressive median salaries of around $122k, as per ZipRecruiter. In order to stay updated and take advantage of exciting career opportunities, enrol for Mindmajix’s Workday Studio training that provides in-depth knowledge from basics to advanced with industry experts.

",NaN,NaN,NaN,NaN,NaN,NaN,NaN,NaN,NaN,NaN,NaN,NaN,NaN,NaN,NaN,English,30,Hours,Leverage the growing demand for Certified Workday Studio Professional,"Mobile,Desktop",TRUE,TRUE,TRUE,"₹8,680,347"
https://mindmajix.com/peoplesoft-financials-training,Peoplesoft Financials Training,"<div class=""Curriculum_description__1LwKr""><p>Mindmajix offers the best PeopleSoft Financials training with highly experienced trainers who have high domain expertise. It provides a detailed overview of all the fundamentals of PeopleSoft Financials from scratch and also covers modules like General Ledger, Receivables, payables, Billing, and Asset Management with real-time use cases and examples. You’ll also work on two hands-on projects which are in line with the PeopleSoft certification exam.</p></div>",Online,Instructor Paced,|Developing exhaustive comprehension of Financial Management Vs Peoplesoft Financials|ERP with a comprehensive approach|Utilize Enterprise Level Cost Management|,"What are the prerequisites for the PeopleSoft Financials course?




Basic understanding of Navigation, PeopleSoft HRMS, and PeopleSoft FSCM concepts is beneficial.

",|Business Analyst|Web Developer|Application Developer|Financial Consultant|Technical Consultant|HRIS Analyst|Financial Analyst|,NaN,NaN,Rishabh Goel,https://cdn.mindmajix.com/mern/images/instructor-male.svg,"My Experience with Mindmajix was really great. Thanks for such amazing help to my career with Advanced PeopleSoft Financials Training.
",Soni,https://cdn.mindmajix.com/mern/images/instructor-male.svg,"Learnt a lot, thanks for better service by Mindmajix. Team processes and the ways you communicate really helped me for PeopleSoft Financials Training.",Yuvraj,https://cdn.mindmajix.com/mern/images/instructor-male.svg,"It was an amazing experience and learning from Mindmajix. The Whole thanks to Instructor, he was excellent. He explains everything included in PeopleSoft Financials, thanks to coordinators supported me any time.",NaN,NaN,NaN,English,30,Hours,Leverage the growing demand for Certified Peoplesoft Financials Professionals,"Mobile,Desktop",TRUE,TRUE,TRUE,"₹5,935,280"
https://mindmajix.com/oracle-apps-functional-training,Oracle Apps Functional Training,"<div class=""Curriculum_description__1LwKr""><p>Mindmajix Oracle Apps Functional Training makes you specialist as an Oracle Apps Functional Consultant. You would be working towards operations, business suite and has capabilities to understand business flows, design and run queries...etc.</p></div>",Online,Instructor Paced,NaN,NaN,NaN,NaN,NaN,Kuldeep Mishra,https://cdn.mindmajix.com/mern/images/instructor-male.svg,The training in Oracle Apps Functional by MindMajix checks all the right boxes. The course material was very detailed and oriented towards equipping me with practical skills rather than bookish knowledge. All thanks to MindMajix!,sudipta adhikari ,https://cdn.mindmajix.com/mern/images/instructor-male.svg,"My experience with Mindmajix has been fantastic. I took ""Oracle Apps Functional Online Training"". The instructors were very knowledgeable and conducted the course effectively. I would recommend Mindmajix to anyone who needs to upgrade their professional skills.
", Syed Musab Navish,https://cdn.mindmajix.com/mern/images/instructor-male.svg,"This is an excellent course to Understand Oracle Apps Functional and covers all different flavors of Oracle Apps Functional, it is step by step approach to help each problem related to this training and One of the most interesting, valuable and enjoyable course I ever have. Excellent material and good tutoring. Highly recommended to MindMajix online training center.
",NaN,NaN,NaN,English,30,Hours,Leverage the growing demand for Certified Oracle Apps Functional Professionals,"Mobile,Desktop",TRUE,TRUE,TRUE,"₹6,832,027"
https://mindmajix.com/peoplesoft-admin-training,Peoplesoft Admin Training Course Online,"<div class=""Curriculum_description__1LwKr""><p>Mindmajix PeopleSoft Admin training provides comprehensive knowledge to implement and administer the PeopleSoft applications through real-world examples. You will grasp complete knowledge on all the concepts of PeopleSoft by working on real-time projects in our training. Enroll now and get certified.</p></div>",Online,Instructor Paced,|Performance Tuning|Web Server Domain|Configuration of Process Scheduler |Tracing and Troubleshooting|Component Interface Security|Maintenance of Application Server|,"What are the prerequisites for the PeopleSoft Admin course?There are no specific prerequisites to learn PeopleSoft Administration. Anyone interested to build a career in the field can enroll for this course.
",|PeopleSoft administrator|Application database administrator|Administrative assistant|Support engineer|Technical consultant|System analyst|Functional implementer|,Anthony,"With 13+ years of experience in training and 15 years of working experience, Anthony is a certified professional, has trained more than 300+ students and delivered seven corporate firms with live online sessions worldwide.
",Rishabh Goel,https://cdn.mindmajix.com/mern/images/instructor-male.svg,"Mindmajix is an awesome responsive online training portal, it is well designed and flexible online Education Portal. I did the PeopleSoft Admin course from Mindmajix and I am extremely happy for the overall experience with mindmajix. one of the best reasons to recommend mindmajix is their response to clarify each and every doubt.
",Prerna,https://cdn.mindmajix.com/mern/images/instructor-male.svg,"I have completed PeopleSoft Admin Training in Mindmajix. Service wise and knowledge wise i am very happy, Now i am working in top MNC Company.",Ritu Varma,https://cdn.mindmajix.com/mern/images/instructor-male.svg,The Peoplesoft Admin Training at Mindmajix is top-notch and thorough. The materials are valuable tools and the online support team covers all the bases.,Sujan,https://cdn.mindmajix.com/mern/images/instructor-male.svg,"Hi everybody , I have taken training on PeopleSoft Admin. I like the explanation... I like the way of interaction. I recommend Mindmajix online training those who are looking for valuable knowledge.",English,22,Hours,Leverage the growing demand for Certified Peoplesoft Admin Professionals,"Mobile,Desktop",TRUE,TRUE,TRUE,"₹9,454,901"
